{
    "n_r": 4500,
    "n_t": 639058,
    "total_points": 2875761000,
    "compute_time_s": 4.462967872619629,
    "points_per_sec": 644360677.037994,
    "memory_used_gb": 21.479167938232422,
    "gamma_mean": -4.405504327790841e-18,
    "gamma_variance": 12.498466333355925,
    "gamma_max": 9.999982790419095,
    "gamma_min": -9.999982790419095,
    "cpu_cores": 32,
    "timestamp": "2025-12-18 18:06:22"
}